{"cameraMode":{"drawMode":0,"name":"Shaded","section":"Shading Mode"},"sceneLighting":false,"audioPlay":false,"sceneViewState":{"m_AlwaysRefresh":false,"showFog":false,"showSkybox":false,"showFlares":false,"showImageEffects":false,"showParticleSystems":false,"showVisualEffectGraphs":true,"m_FxEnabled":true},"in2DMode":false,"pivot":{"x":-0.00013375282287597656,"y":0.07893934845924378,"z":-0.0016318019479513169},"rotation":{"x":-0.26124125719070437,"y":-0.0037673793267458679,"z":0.0010194819187745453,"w":-0.9652665853500366},"size":0.8660253882408142,"orthographic":false}