{"cameraMode":{"drawMode":0,"name":"Shaded","section":"Shading Mode"},"sceneLighting":true,"audioPlay":false,"sceneViewState":{"m_AlwaysRefresh":false,"showFog":true,"showSkybox":true,"showFlares":true,"showImageEffects":true,"showParticleSystems":true,"showVisualEffectGraphs":true,"m_FxEnabled":true},"in2DMode":false,"pivot":{"x":-0.3224848508834839,"y":-0.007481604814529419,"z":0.11810678243637085},"rotation":{"x":-0.14620012044906617,"y":0.36227038502693179,"z":-0.057649265974760059,"w":-0.9187301993370056},"size":1.0340251922607422,"orthographic":false}